sample-id	forward-absolute-filepath	reverse-absolute-filepath
GC100GC1	/home/gkalogiannis/wednesday_data/GC100GC1_R1.fastq.gz	/home/gkalogiannis/wednesday_data/GC100GC1_R2.fastq.gz
GC100GC2	/home/gkalogiannis/wednesday_data/GC100GC2_R1.fastq.gz	/home/gkalogiannis/wednesday_data/GC100GC2_R2.fastq.gz
GC102GC1	/home/gkalogiannis/wednesday_data/GC102GC1_R1.fastq.gz	/home/gkalogiannis/wednesday_data/GC102GC1_R2.fastq.gz
GC103GC1	/home/gkalogiannis/wednesday_data/GC103GC1_R1.fastq.gz	/home/gkalogiannis/wednesday_data/GC103GC1_R2.fastq.gz
GC104GC1	/home/gkalogiannis/wednesday_data/GC104GC1_R1.fastq.gz	/home/gkalogiannis/wednesday_data/GC104GC1_R2.fastq.gz
GC105GC1	/home/gkalogiannis/wednesday_data/GC105GC1_R1.fastq.gz	/home/gkalogiannis/wednesday_data/GC105GC1_R2.fastq.gz
GC106GC1	/home/gkalogiannis/wednesday_data/GC106GC1_R1.fastq.gz	/home/gkalogiannis/wednesday_data/GC106GC1_R2.fastq.gz
GC107GC1	/home/gkalogiannis/wednesday_data/GC107GC1_R1.fastq.gz	/home/gkalogiannis/wednesday_data/GC107GC1_R2.fastq.gz
GC109GC1	/home/gkalogiannis/wednesday_data/GC109GC1_R1.fastq.gz	/home/gkalogiannis/wednesday_data/GC109GC1_R2.fastq.gz
GC10GC2	/home/gkalogiannis/wednesday_data/GC10GC2_R1.fastq.gz	/home/gkalogiannis/wednesday_data/GC10GC2_R2.fastq.gz
GC110GC1	/home/gkalogiannis/wednesday_data/GC110GC1_R1.fastq.gz	/home/gkalogiannis/wednesday_data/GC110GC1_R2.fastq.gz
GC11GC1	/home/gkalogiannis/wednesday_data/GC11GC1_R1.fastq.gz	/home/gkalogiannis/wednesday_data/GC11GC1_R2.fastq.gz
GC11GC2	/home/gkalogiannis/wednesday_data/GC11GC2_R1.fastq.gz	/home/gkalogiannis/wednesday_data/GC11GC2_R2.fastq.gz
GC12GC1	/home/gkalogiannis/wednesday_data/GC12GC1_R1.fastq.gz	/home/gkalogiannis/wednesday_data/GC12GC1_R2.fastq.gz
GC12GC2	/home/gkalogiannis/wednesday_data/GC12GC2_R1.fastq.gz	/home/gkalogiannis/wednesday_data/GC12GC2_R2.fastq.gz
GC13GC1	/home/gkalogiannis/wednesday_data/GC13GC1_R1.fastq.gz	/home/gkalogiannis/wednesday_data/GC13GC1_R2.fastq.gz
GC13GC2	/home/gkalogiannis/wednesday_data/GC13GC2_R1.fastq.gz	/home/gkalogiannis/wednesday_data/GC13GC2_R2.fastq.gz
GC14GC1	/home/gkalogiannis/wednesday_data/GC14GC1_R1.fastq.gz	/home/gkalogiannis/wednesday_data/GC14GC1_R2.fastq.gz
GC14GC2	/home/gkalogiannis/wednesday_data/GC14GC2_R1.fastq.gz	/home/gkalogiannis/wednesday_data/GC14GC2_R2.fastq.gz
GC15GC2	/home/gkalogiannis/wednesday_data/GC15GC2_R1.fastq.gz	/home/gkalogiannis/wednesday_data/GC15GC2_R2.fastq.gz
GC16GC1	/home/gkalogiannis/wednesday_data/GC16GC1_R1.fastq.gz	/home/gkalogiannis/wednesday_data/GC16GC1_R2.fastq.gz
GC16GC2	/home/gkalogiannis/wednesday_data/GC16GC2_R1.fastq.gz	/home/gkalogiannis/wednesday_data/GC16GC2_R2.fastq.gz
GC17GC1	/home/gkalogiannis/wednesday_data/GC17GC1_R1.fastq.gz	/home/gkalogiannis/wednesday_data/GC17GC1_R2.fastq.gz
GC17GC2	/home/gkalogiannis/wednesday_data/GC17GC2_R1.fastq.gz	/home/gkalogiannis/wednesday_data/GC17GC2_R2.fastq.gz
GC18GC2	/home/gkalogiannis/wednesday_data/GC18GC2_R1.fastq.gz	/home/gkalogiannis/wednesday_data/GC18GC2_R2.fastq.gz
GC19GC1	/home/gkalogiannis/wednesday_data/GC19GC1_R1.fastq.gz	/home/gkalogiannis/wednesday_data/GC19GC1_R2.fastq.gz
GC19GC2	/home/gkalogiannis/wednesday_data/GC19GC2_R1.fastq.gz	/home/gkalogiannis/wednesday_data/GC19GC2_R2.fastq.gz
GC1GC1	/home/gkalogiannis/wednesday_data/GC1GC1_R1.fastq.gz	/home/gkalogiannis/wednesday_data/GC1GC1_R2.fastq.gz
GC1GC2	/home/gkalogiannis/wednesday_data/GC1GC2_R1.fastq.gz	/home/gkalogiannis/wednesday_data/GC1GC2_R2.fastq.gz
GC20GC1	/home/gkalogiannis/wednesday_data/GC20GC1_R1.fastq.gz	/home/gkalogiannis/wednesday_data/GC20GC1_R2.fastq.gz
GC20GC2	/home/gkalogiannis/wednesday_data/GC20GC2_R1.fastq.gz	/home/gkalogiannis/wednesday_data/GC20GC2_R2.fastq.gz
GC21GC1	/home/gkalogiannis/wednesday_data/GC21GC1_R1.fastq.gz	/home/gkalogiannis/wednesday_data/GC21GC1_R2.fastq.gz
GC21GC2	/home/gkalogiannis/wednesday_data/GC21GC2_R1.fastq.gz	/home/gkalogiannis/wednesday_data/GC21GC2_R2.fastq.gz
GC22GC1	/home/gkalogiannis/wednesday_data/GC22GC1_R1.fastq.gz	/home/gkalogiannis/wednesday_data/GC22GC1_R2.fastq.gz
GC22GC2	/home/gkalogiannis/wednesday_data/GC22GC2_R1.fastq.gz	/home/gkalogiannis/wednesday_data/GC22GC2_R2.fastq.gz
GC23GC2	/home/gkalogiannis/wednesday_data/GC23GC2_R1.fastq.gz	/home/gkalogiannis/wednesday_data/GC23GC2_R2.fastq.gz
GC24GC1	/home/gkalogiannis/wednesday_data/GC24GC1_R1.fastq.gz	/home/gkalogiannis/wednesday_data/GC24GC1_R2.fastq.gz
GC24GC2	/home/gkalogiannis/wednesday_data/GC24GC2_R1.fastq.gz	/home/gkalogiannis/wednesday_data/GC24GC2_R2.fastq.gz
GC25GC2	/home/gkalogiannis/wednesday_data/GC25GC2_R1.fastq.gz	/home/gkalogiannis/wednesday_data/GC25GC2_R2.fastq.gz
GC26GC1	/home/gkalogiannis/wednesday_data/GC26GC1_R1.fastq.gz	/home/gkalogiannis/wednesday_data/GC26GC1_R2.fastq.gz
GC26GC2	/home/gkalogiannis/wednesday_data/GC26GC2_R1.fastq.gz	/home/gkalogiannis/wednesday_data/GC26GC2_R2.fastq.gz
GC27GC1	/home/gkalogiannis/wednesday_data/GC27GC1_R1.fastq.gz	/home/gkalogiannis/wednesday_data/GC27GC1_R2.fastq.gz
GC27GC2	/home/gkalogiannis/wednesday_data/GC27GC2_R1.fastq.gz	/home/gkalogiannis/wednesday_data/GC27GC2_R2.fastq.gz
GC28GC1	/home/gkalogiannis/wednesday_data/GC28GC1_R1.fastq.gz	/home/gkalogiannis/wednesday_data/GC28GC1_R2.fastq.gz
GC28GC2	/home/gkalogiannis/wednesday_data/GC28GC2_R1.fastq.gz	/home/gkalogiannis/wednesday_data/GC28GC2_R2.fastq.gz
GC29GC1	/home/gkalogiannis/wednesday_data/GC29GC1_R1.fastq.gz	/home/gkalogiannis/wednesday_data/GC29GC1_R2.fastq.gz
GC29GC2	/home/gkalogiannis/wednesday_data/GC29GC2_R1.fastq.gz	/home/gkalogiannis/wednesday_data/GC29GC2_R2.fastq.gz
GC2GC1	/home/gkalogiannis/wednesday_data/GC2GC1_R1.fastq.gz	/home/gkalogiannis/wednesday_data/GC2GC1_R2.fastq.gz
GC2GC2	/home/gkalogiannis/wednesday_data/GC2GC2_R1.fastq.gz	/home/gkalogiannis/wednesday_data/GC2GC2_R2.fastq.gz
GC30GC2	/home/gkalogiannis/wednesday_data/GC30GC2_R1.fastq.gz	/home/gkalogiannis/wednesday_data/GC30GC2_R2.fastq.gz
GC31GC1	/home/gkalogiannis/wednesday_data/GC31GC1_R1.fastq.gz	/home/gkalogiannis/wednesday_data/GC31GC1_R2.fastq.gz
GC31GC2	/home/gkalogiannis/wednesday_data/GC31GC2_R1.fastq.gz	/home/gkalogiannis/wednesday_data/GC31GC2_R2.fastq.gz
GC33GC2	/home/gkalogiannis/wednesday_data/GC33GC2_R1.fastq.gz	/home/gkalogiannis/wednesday_data/GC33GC2_R2.fastq.gz
GC34GC1	/home/gkalogiannis/wednesday_data/GC34GC1_R1.fastq.gz	/home/gkalogiannis/wednesday_data/GC34GC1_R2.fastq.gz
GC34GC2	/home/gkalogiannis/wednesday_data/GC34GC2_R1.fastq.gz	/home/gkalogiannis/wednesday_data/GC34GC2_R2.fastq.gz
GC35GC1	/home/gkalogiannis/wednesday_data/GC35GC1_R1.fastq.gz	/home/gkalogiannis/wednesday_data/GC35GC1_R2.fastq.gz
GC36GC1	/home/gkalogiannis/wednesday_data/GC36GC1_R1.fastq.gz	/home/gkalogiannis/wednesday_data/GC36GC1_R2.fastq.gz
GC36GC2	/home/gkalogiannis/wednesday_data/GC36GC2_R1.fastq.gz	/home/gkalogiannis/wednesday_data/GC36GC2_R2.fastq.gz
GC37GC2	/home/gkalogiannis/wednesday_data/GC37GC2_R1.fastq.gz	/home/gkalogiannis/wednesday_data/GC37GC2_R2.fastq.gz
GC38GC1	/home/gkalogiannis/wednesday_data/GC38GC1_R1.fastq.gz	/home/gkalogiannis/wednesday_data/GC38GC1_R2.fastq.gz
GC38GC2	/home/gkalogiannis/wednesday_data/GC38GC2_R1.fastq.gz	/home/gkalogiannis/wednesday_data/GC38GC2_R2.fastq.gz
GC39GC1	/home/gkalogiannis/wednesday_data/GC39GC1_R1.fastq.gz	/home/gkalogiannis/wednesday_data/GC39GC1_R2.fastq.gz
GC3GC1	/home/gkalogiannis/wednesday_data/GC3GC1_R1.fastq.gz	/home/gkalogiannis/wednesday_data/GC3GC1_R2.fastq.gz
GC3GC2	/home/gkalogiannis/wednesday_data/GC3GC2_R1.fastq.gz	/home/gkalogiannis/wednesday_data/GC3GC2_R2.fastq.gz
GC40GC2	/home/gkalogiannis/wednesday_data/GC40GC2_R1.fastq.gz	/home/gkalogiannis/wednesday_data/GC40GC2_R2.fastq.gz
GC41GC2	/home/gkalogiannis/wednesday_data/GC41GC2_R1.fastq.gz	/home/gkalogiannis/wednesday_data/GC41GC2_R2.fastq.gz
GC42GC1	/home/gkalogiannis/wednesday_data/GC42GC1_R1.fastq.gz	/home/gkalogiannis/wednesday_data/GC42GC1_R2.fastq.gz
GC42GC2	/home/gkalogiannis/wednesday_data/GC42GC2_R1.fastq.gz	/home/gkalogiannis/wednesday_data/GC42GC2_R2.fastq.gz
GC43GC1	/home/gkalogiannis/wednesday_data/GC43GC1_R1.fastq.gz	/home/gkalogiannis/wednesday_data/GC43GC1_R2.fastq.gz
GC43GC2	/home/gkalogiannis/wednesday_data/GC43GC2_R1.fastq.gz	/home/gkalogiannis/wednesday_data/GC43GC2_R2.fastq.gz
GC44GC1	/home/gkalogiannis/wednesday_data/GC44GC1_R1.fastq.gz	/home/gkalogiannis/wednesday_data/GC44GC1_R2.fastq.gz
GC44GC2	/home/gkalogiannis/wednesday_data/GC44GC2_R1.fastq.gz	/home/gkalogiannis/wednesday_data/GC44GC2_R2.fastq.gz
GC45GC1	/home/gkalogiannis/wednesday_data/GC45GC1_R1.fastq.gz	/home/gkalogiannis/wednesday_data/GC45GC1_R2.fastq.gz
GC45GC2	/home/gkalogiannis/wednesday_data/GC45GC2_R1.fastq.gz	/home/gkalogiannis/wednesday_data/GC45GC2_R2.fastq.gz
GC46GC1	/home/gkalogiannis/wednesday_data/GC46GC1_R1.fastq.gz	/home/gkalogiannis/wednesday_data/GC46GC1_R2.fastq.gz
GC46GC2	/home/gkalogiannis/wednesday_data/GC46GC2_R1.fastq.gz	/home/gkalogiannis/wednesday_data/GC46GC2_R2.fastq.gz
GC47GC2	/home/gkalogiannis/wednesday_data/GC47GC2_R1.fastq.gz	/home/gkalogiannis/wednesday_data/GC47GC2_R2.fastq.gz
GC48GC1	/home/gkalogiannis/wednesday_data/GC48GC1_R1.fastq.gz	/home/gkalogiannis/wednesday_data/GC48GC1_R2.fastq.gz
GC48GC2	/home/gkalogiannis/wednesday_data/GC48GC2_R1.fastq.gz	/home/gkalogiannis/wednesday_data/GC48GC2_R2.fastq.gz
GC49GC1	/home/gkalogiannis/wednesday_data/GC49GC1_R1.fastq.gz	/home/gkalogiannis/wednesday_data/GC49GC1_R2.fastq.gz
GC49GC2	/home/gkalogiannis/wednesday_data/GC49GC2_R1.fastq.gz	/home/gkalogiannis/wednesday_data/GC49GC2_R2.fastq.gz
GC4GC1	/home/gkalogiannis/wednesday_data/GC4GC1_R1.fastq.gz	/home/gkalogiannis/wednesday_data/GC4GC1_R2.fastq.gz
GC4GC2	/home/gkalogiannis/wednesday_data/GC4GC2_R1.fastq.gz	/home/gkalogiannis/wednesday_data/GC4GC2_R2.fastq.gz
GC51GC1	/home/gkalogiannis/wednesday_data/GC51GC1_R1.fastq.gz	/home/gkalogiannis/wednesday_data/GC51GC1_R2.fastq.gz
GC51GC2	/home/gkalogiannis/wednesday_data/GC51GC2_R1.fastq.gz	/home/gkalogiannis/wednesday_data/GC51GC2_R2.fastq.gz
GC52GC2	/home/gkalogiannis/wednesday_data/GC52GC2_R1.fastq.gz	/home/gkalogiannis/wednesday_data/GC52GC2_R2.fastq.gz
GC53GC1	/home/gkalogiannis/wednesday_data/GC53GC1_R1.fastq.gz	/home/gkalogiannis/wednesday_data/GC53GC1_R2.fastq.gz
GC53GC2	/home/gkalogiannis/wednesday_data/GC53GC2_R1.fastq.gz	/home/gkalogiannis/wednesday_data/GC53GC2_R2.fastq.gz
GC54GC1	/home/gkalogiannis/wednesday_data/GC54GC1_R1.fastq.gz	/home/gkalogiannis/wednesday_data/GC54GC1_R2.fastq.gz
GC55GC1	/home/gkalogiannis/wednesday_data/GC55GC1_R1.fastq.gz	/home/gkalogiannis/wednesday_data/GC55GC1_R2.fastq.gz
GC55GC2	/home/gkalogiannis/wednesday_data/GC55GC2_R1.fastq.gz	/home/gkalogiannis/wednesday_data/GC55GC2_R2.fastq.gz
GC56GC1	/home/gkalogiannis/wednesday_data/GC56GC1_R1.fastq.gz	/home/gkalogiannis/wednesday_data/GC56GC1_R2.fastq.gz
GC56GC2	/home/gkalogiannis/wednesday_data/GC56GC2_R1.fastq.gz	/home/gkalogiannis/wednesday_data/GC56GC2_R2.fastq.gz
GC57GC1	/home/gkalogiannis/wednesday_data/GC57GC1_R1.fastq.gz	/home/gkalogiannis/wednesday_data/GC57GC1_R2.fastq.gz
GC57GC2	/home/gkalogiannis/wednesday_data/GC57GC2_R1.fastq.gz	/home/gkalogiannis/wednesday_data/GC57GC2_R2.fastq.gz
GC58GC1	/home/gkalogiannis/wednesday_data/GC58GC1_R1.fastq.gz	/home/gkalogiannis/wednesday_data/GC58GC1_R2.fastq.gz
GC58GC2	/home/gkalogiannis/wednesday_data/GC58GC2_R1.fastq.gz	/home/gkalogiannis/wednesday_data/GC58GC2_R2.fastq.gz
GC59GC2	/home/gkalogiannis/wednesday_data/GC59GC2_R1.fastq.gz	/home/gkalogiannis/wednesday_data/GC59GC2_R2.fastq.gz
GC5GC1	/home/gkalogiannis/wednesday_data/GC5GC1_R1.fastq.gz	/home/gkalogiannis/wednesday_data/GC5GC1_R2.fastq.gz
GC5GC2	/home/gkalogiannis/wednesday_data/GC5GC2_R1.fastq.gz	/home/gkalogiannis/wednesday_data/GC5GC2_R2.fastq.gz
GC60GC2	/home/gkalogiannis/wednesday_data/GC60GC2_R1.fastq.gz	/home/gkalogiannis/wednesday_data/GC60GC2_R2.fastq.gz
GC6GC1	/home/gkalogiannis/wednesday_data/GC6GC1_R1.fastq.gz	/home/gkalogiannis/wednesday_data/GC6GC1_R2.fastq.gz
GC71GC2	/home/gkalogiannis/wednesday_data/GC71GC2_R1.fastq.gz	/home/gkalogiannis/wednesday_data/GC71GC2_R2.fastq.gz
GC72GC2	/home/gkalogiannis/wednesday_data/GC72GC2_R1.fastq.gz	/home/gkalogiannis/wednesday_data/GC72GC2_R2.fastq.gz
GC73GC2	/home/gkalogiannis/wednesday_data/GC73GC2_R1.fastq.gz	/home/gkalogiannis/wednesday_data/GC73GC2_R2.fastq.gz
GC74GC2	/home/gkalogiannis/wednesday_data/GC74GC2_R1.fastq.gz	/home/gkalogiannis/wednesday_data/GC74GC2_R2.fastq.gz
GC75GC2	/home/gkalogiannis/wednesday_data/GC75GC2_R1.fastq.gz	/home/gkalogiannis/wednesday_data/GC75GC2_R2.fastq.gz
GC76GC2	/home/gkalogiannis/wednesday_data/GC76GC2_R1.fastq.gz	/home/gkalogiannis/wednesday_data/GC76GC2_R2.fastq.gz
GC77GC2	/home/gkalogiannis/wednesday_data/GC77GC2_R1.fastq.gz	/home/gkalogiannis/wednesday_data/GC77GC2_R2.fastq.gz
GC78GC2	/home/gkalogiannis/wednesday_data/GC78GC2_R1.fastq.gz	/home/gkalogiannis/wednesday_data/GC78GC2_R2.fastq.gz
GC79GC2	/home/gkalogiannis/wednesday_data/GC79GC2_R1.fastq.gz	/home/gkalogiannis/wednesday_data/GC79GC2_R2.fastq.gz
GC7GC1	/home/gkalogiannis/wednesday_data/GC7GC1_R1.fastq.gz	/home/gkalogiannis/wednesday_data/GC7GC1_R2.fastq.gz
GC7GC2	/home/gkalogiannis/wednesday_data/GC7GC2_R1.fastq.gz	/home/gkalogiannis/wednesday_data/GC7GC2_R2.fastq.gz
GC80GC2	/home/gkalogiannis/wednesday_data/GC80GC2_R1.fastq.gz	/home/gkalogiannis/wednesday_data/GC80GC2_R2.fastq.gz
GC81GC2	/home/gkalogiannis/wednesday_data/GC81GC2_R1.fastq.gz	/home/gkalogiannis/wednesday_data/GC81GC2_R2.fastq.gz
GC82GC1	/home/gkalogiannis/wednesday_data/GC82GC1_R1.fastq.gz	/home/gkalogiannis/wednesday_data/GC82GC1_R2.fastq.gz
GC83GC1	/home/gkalogiannis/wednesday_data/GC83GC1_R1.fastq.gz	/home/gkalogiannis/wednesday_data/GC83GC1_R2.fastq.gz
GC83GC2	/home/gkalogiannis/wednesday_data/GC83GC2_R1.fastq.gz	/home/gkalogiannis/wednesday_data/GC83GC2_R2.fastq.gz
GC84GC1	/home/gkalogiannis/wednesday_data/GC84GC1_R1.fastq.gz	/home/gkalogiannis/wednesday_data/GC84GC1_R2.fastq.gz
GC84GC2	/home/gkalogiannis/wednesday_data/GC84GC2_R1.fastq.gz	/home/gkalogiannis/wednesday_data/GC84GC2_R2.fastq.gz
GC85GC1	/home/gkalogiannis/wednesday_data/GC85GC1_R1.fastq.gz	/home/gkalogiannis/wednesday_data/GC85GC1_R2.fastq.gz
GC85GC2	/home/gkalogiannis/wednesday_data/GC85GC2_R1.fastq.gz	/home/gkalogiannis/wednesday_data/GC85GC2_R2.fastq.gz
GC87GC1	/home/gkalogiannis/wednesday_data/GC87GC1_R1.fastq.gz	/home/gkalogiannis/wednesday_data/GC87GC1_R2.fastq.gz
GC87GC2	/home/gkalogiannis/wednesday_data/GC87GC2_R1.fastq.gz	/home/gkalogiannis/wednesday_data/GC87GC2_R2.fastq.gz
GC88GC1	/home/gkalogiannis/wednesday_data/GC88GC1_R1.fastq.gz	/home/gkalogiannis/wednesday_data/GC88GC1_R2.fastq.gz
GC88GC2	/home/gkalogiannis/wednesday_data/GC88GC2_R1.fastq.gz	/home/gkalogiannis/wednesday_data/GC88GC2_R2.fastq.gz
GC89GC1	/home/gkalogiannis/wednesday_data/GC89GC1_R1.fastq.gz	/home/gkalogiannis/wednesday_data/GC89GC1_R2.fastq.gz
GC89GC2	/home/gkalogiannis/wednesday_data/GC89GC2_R1.fastq.gz	/home/gkalogiannis/wednesday_data/GC89GC2_R2.fastq.gz
GC8GC2	/home/gkalogiannis/wednesday_data/GC8GC2_R1.fastq.gz	/home/gkalogiannis/wednesday_data/GC8GC2_R2.fastq.gz
GC90GC1	/home/gkalogiannis/wednesday_data/GC90GC1_R1.fastq.gz	/home/gkalogiannis/wednesday_data/GC90GC1_R2.fastq.gz
GC90GC2	/home/gkalogiannis/wednesday_data/GC90GC2_R1.fastq.gz	/home/gkalogiannis/wednesday_data/GC90GC2_R2.fastq.gz
GC91GC1	/home/gkalogiannis/wednesday_data/GC91GC1_R1.fastq.gz	/home/gkalogiannis/wednesday_data/GC91GC1_R2.fastq.gz
GC91GC2	/home/gkalogiannis/wednesday_data/GC91GC2_R1.fastq.gz	/home/gkalogiannis/wednesday_data/GC91GC2_R2.fastq.gz
GC92GC2	/home/gkalogiannis/wednesday_data/GC92GC2_R1.fastq.gz	/home/gkalogiannis/wednesday_data/GC92GC2_R2.fastq.gz
GC93GC1	/home/gkalogiannis/wednesday_data/GC93GC1_R1.fastq.gz	/home/gkalogiannis/wednesday_data/GC93GC1_R2.fastq.gz
GC93GC2	/home/gkalogiannis/wednesday_data/GC93GC2_R1.fastq.gz	/home/gkalogiannis/wednesday_data/GC93GC2_R2.fastq.gz
GC94GC1	/home/gkalogiannis/wednesday_data/GC94GC1_R1.fastq.gz	/home/gkalogiannis/wednesday_data/GC94GC1_R2.fastq.gz
GC94GC2	/home/gkalogiannis/wednesday_data/GC94GC2_R1.fastq.gz	/home/gkalogiannis/wednesday_data/GC94GC2_R2.fastq.gz
GC95GC2	/home/gkalogiannis/wednesday_data/GC95GC2_R1.fastq.gz	/home/gkalogiannis/wednesday_data/GC95GC2_R2.fastq.gz
GC96GC2	/home/gkalogiannis/wednesday_data/GC96GC2_R1.fastq.gz	/home/gkalogiannis/wednesday_data/GC96GC2_R2.fastq.gz
GC97GC1	/home/gkalogiannis/wednesday_data/GC97GC1_R1.fastq.gz	/home/gkalogiannis/wednesday_data/GC97GC1_R2.fastq.gz
GC98GC1	/home/gkalogiannis/wednesday_data/GC98GC1_R1.fastq.gz	/home/gkalogiannis/wednesday_data/GC98GC1_R2.fastq.gz
GC98GC2	/home/gkalogiannis/wednesday_data/GC98GC2_R1.fastq.gz	/home/gkalogiannis/wednesday_data/GC98GC2_R2.fastq.gz
GC99GC2	/home/gkalogiannis/wednesday_data/GC99GC2_R1.fastq.gz	/home/gkalogiannis/wednesday_data/GC99GC2_R2.fastq.gz
GC9GC1	/home/gkalogiannis/wednesday_data/GC9GC1_R1.fastq.gz	/home/gkalogiannis/wednesday_data/GC9GC1_R2.fastq.gz
GC9GC2	/home/gkalogiannis/wednesday_data/GC9GC2_R1.fastq.gz	/home/gkalogiannis/wednesday_data/GC9GC2_R2.fastq.gz
